Abdullah Lindsey,Nice
Abigail Chavez,Nice
Aditya Perera,Naughty
Adrian Kemp,Nice
Adrian Lo,Nice
Adriana Sutherland,Nice
Agnes Adam,Nice
Ahmed Hernandez,Nice
Al Molina,Nice
Alabaster Snowball,Nice
Alejandro Burnett,Nice
Alexa Pearson,Nice
Alexander Sweeney,Nice
Alfred Slater,Nice
Alfred Yang,Nice
Alice Brock,Nice
Alice Salas,Nice
Alina Davis,Naughty
Allen Farmer,Naughty
Allen Grant,Nice
Allison Barton,Naughty
Aman Das,Nice
Amanda Dunn,Nice
Amber Rao,Nice
Amelia Mark,Nice
Amelia Saleh,Nice
Amir Shelton,Nice
Amr Rivas,Nice
Andrew Saeed,Nice
Andy Soriano,Nice
Angelica Macdonald,Nice
Anil Marquez,Nice
Anil Newman,Nice
Anna Duncan,Nice
Anthony Chin,Nice
Anthony Lang,Nice
Anthony Li,Nice
Arnold Monroe,Nice
Arthur Gray,Naughty
Ashlee Aziz,Nice
Ashlee Chen,Nice
Ashlee Hodge,Naughty
Asif Waters,Nice
Autumn Bautista,Nice
Autumn Marquez,Nice
Barb Sharma,Naughty
Belinda Prakash,Nice
Belinda Vargas,Nice
Bella Garg,Nice
Bernadette Bradley,Nice
Bernadette Holloway,Nice
Bernadette Law,Naughty
Beth Ryan,Nice
Betsy Carr,Nice
Betsy Marie,Nice
Beverly Khalil,Naughty
Bilal Lee,Nice
Billy Griffith,Nice
Bini Aru,Naughty
Blake Donaldson,Nice
Blake Nielsen,Naughty
Bob Byrne,Nice
Bonnie Clayton,Nice
Bonnie Maher,Nice
Bonnie Roberts,Naughty
Boq Questrian,Naughty
Bradley Andrews,Nice
Brenda Krishnan,Nice
Brendan Cunningham,Naughty
Brendan Ibrahim,Nice
Brendan Rivera,Nice
Brent Pascual,Nice
Bridget Buckley,Nice
Brittany Castillo,Nice
Brittney Colon,Nice
Brittney Frost,Nice
Brooke Phillips,Naughty
Bruce Aggarwal,Nice
Bryan Freeman,Nice
Bushy Evergreen,Nice
Byron Foster,Nice
Caleb Delacruz,Nice
Cameron Maxwell,Nice
Camille Goel,Nice
Camille Silva,Nice
Camille Velez,Nice
Candice Ford,Nice
Cara Hudson,Nice
Carla Buchanan,Naughty
Carlo Arora,Nice
Carlos Potter,Nice
Carlos Whitehead,Nice
Carol Peralta,Nice
Carrie Garcia,Nice
Carrie Nixon,Nice
Casey Walters,Nice
Cathy Nair,Nice
Charles Mathews,Nice
Charlotte Prasad,Nice
Charlotte Rich,Nice
Charmaine Gurung,Nice
Charmaine Joseph,Naughty
Chase Siddiqui,Nice
Chase Vincent,Nice
Cherry Hurst,Nice
Chloe Allen,Nice
Chloe Moran,Nice
Christy Mcmillan,Nice
Christy Srivastava,Naughty
Christy Woods,Nice
Cindy Lou Who,Naughty
Cindy Patil,Naughty
Cindy Patrick,Naughty
Cj Landry,Nice
Claire Gurung,Naughty
Cody Khalil,Nice
Corey Malhotra,Nice
Courtney Kramer,Nice
Craig John,Naughty
Curtis Summers,Nice
Dale Choi,Nice
Damian Bhardwaj,Naughty
Damien Norton,Nice
Damien Peter,Nice
Damon Newton,Nice
Darren Shrestha,Nice
Darryl Dalton,Nice
Daryl Flores,Nice
Dave Bowen,Nice
David Ballard,Nice
Deanna Richardson,Naughty
Deb Chase,Nice
Deepak Obrien,Naughty
Dennis Richard,Nice
Derrick Christian,Nice
Diego Chu,Nice
Diego Davenport,Nice
Dina Odonnell,Nice
Dominique Bennett,Nice
Donald Jane,Nice
Donald Johns,Nice
Donna Adams,Nice
Doreen Adam,Nice
Doreen Griffith,Nice
Dr. Who,Naughty
Dwayne Manuel,Nice
Edith Anderson,Nice
Edwin Pandey,Nice
Elaine Amin,Nice
Ella Soni,Nice
Ellen Gordon,Nice
Erika Norton,Nice
Erin Tran,Naughty
Erin Wells,Nice
Ernest Gillespie,Nice
Ernest Rai,Nice
Ernest Robbins,Nice
Eugene Gandhi,Nice
Eva Peter,Nice
Evelyn Bryan,Nice
Evelyn Horn,Nice
Faith Harding,Naughty
Farah Koh,Nice
Fatima Moss,Nice
Felix Mclean,Naughty
Frances Ibrahim,Nice
Francisco Villanueva,Nice
Frank Chung,Nice
Gabriela Brown,Nice
Gabrielle Blue,Nice
Gabrielle Pierce,Nice
Gareth Patel,Nice
Garry Tan,Nice
Gene Cunningham,Nice
Gene Walsh,Nice
Gerald Becker,Nice
Gillian Fernandes,Nice
Gillian Henderson,Nice
Gordon White,Nice
Grace Cruz,Nice
Grace Holmes,Nice
Grant Prakash,Nice
Greg Benson,Nice
Greg Chung,Nice
Gwen Hanson,Naughty
Haley Davidson,Nice
Hanna Allen,Nice
Harold Ayala,Nice
Heidi Diaz,Naughty
Henry Turner,Nice
Henry Williams,Nice
Holly Evergreen,Nice
Hunter Carrillo,Nice
Iris Shaffer,Nice
Isabel Joyce,Nice
Isabel Mehta,Nice
Isabel Williamson,Nice
Ivy Lai,Nice
Jackson Yee,Nice
Jacqueline Hawkins,Nice
Jacqueline Smart,Nice
Jared Islam,Nice
Jasmin Sampson,Nice
Jason Santos,Nice
Jay Saunders,Naughty
Jeanette Tanner,Naughty
Jeffrey Oconnell,Naughty
Jen David,Nice
Jen Rodriguez,Nice
Jen Santos,Nice
Jennifer Haddad,Naughty
Jeremiah Bradshaw,Nice
Jeremy Khan,Nice
Jess Aziz,Naughty
Jessica Boyle,Nice
Jill Burke,Nice
Jill Calderon,Nice
Jillian Chandra,Nice
Jillian May,Nice
Jim Chen,Nice
Jim Foster,Nice
Jodi Espinoza,Nice
Jodie Perera,Nice
Johan Kirby,Nice
Johan Oconnor,Nice
John Coleman,Nice
John Vaughn,Nice
Johnny Potter,Nice
Jojo Costa,Nice
Joseph Salazar,Nice
Josephine Howard,Naughty
Joy Chandler,Nice
Joy Kramer,Nice
Joyce Franco,Nice
Juanita Burgess,Naughty
Juanita Gurung,Nice
Juanita Thompson,Nice
Juliet Robbins,Nice
Julio Duffy,Nice
Junior Ferguson,Nice
Justine Winters,Nice
Kari Marshall,Nice
Karina Buckley,Nice
Karina Chavez,Nice
Karina Cortez,Nice
Karina Russo,Nice
Karl Baldwin,Nice
Karl Burnett,Nice
Kat George,Nice
Kate Boyle,Nice
Kathryn Mcintosh,Nice
Katrina Maria,Nice
Katy Bond,Naughty
Katy Chen,Nice
Kay Freeman,Nice
Keith Power,Nice
Kelli Grimes,Nice
Kellie Petersen,Nice
Kelly Bowers,Nice
Kelly Fox,Nice
Kendra Krishna,Nice
Kenneth Myers,Nice
Kenny Fletcher,Nice
Kirsty Evans,Naughty
Kris Swanson,Nice
Kris Thornton,Nice
Krishna Hubbard,Nice
Kristine Burns,Nice
Krystal Rios,Nice
Lana Ansari,Nice
Lana Jennings,Nice
Lance Bautista,Nice
Lance Dee,Nice
Lance Montoya,Naughty
Larry Massey,Nice
Larry Mcintosh,Nice
Lauren Lucas,Nice
Lea Burns,Nice
Lea Mendez,Nice
Leah Williams,Nice
Lee Bowers,Nice
Leigh Mckinney,Nice
Leslie Tanner,Nice
Lina Koch,Nice
Lina Villa,Naughty
Lindsey Lambert,Nice
Logan Griffith,Nice
Logan Harmon,Naughty
Lois Aquino,Nice
Lorena Dominguez,Nice
Lorena Lindsay,Nice
Lori George,Nice
Lori Mohamed,Naughty
Louie Rich,Nice
Louie Stevens,Nice
Louis Leon,Naughty
Lucas Daly,Naughty
Lucas Johnson,Nice
Lucas Raj,Nice
Lucy Allen,Nice
Luis Sinclair,Nice
Lyn Riley,Nice
Lynne Olsen,Nice
Lynne Olson,Nice
Lynne Rodgers,Naughty
Maggie Khan,Naughty
Malcolm Prasad,Nice
Manish Jefferson,Nice
Manuel Graham,Naughty
Marc Michael,Nice
Marcus Schmidt,Nice
Margie Ferguson,Nice
Margie Hoffman,Naughty
Marian Brewer,Nice
Marian Dalton,Nice
Marian Kent,Naughty
Mariana Reese,Nice
Marie Keller,Nice
Marilyn Malone,Nice
Marion Manning,Naughty
Marissa Gabriel,Nice
Marissa Whitehead,Nice
Mark Frank,Naughty
Mark Payne,Nice
Marvin Sim,Nice
Mary Bee,Nice
Mary English,Nice
Mary Hodge,Nice
Maurice Delgado,Nice
Maurice Jarvis,Nice
Max Solomon,Nice
Meagan Donovan,Naughty
Meg Johnson,Nice
Mel Chandler,Naughty
Mel Matthews,Nice
Mel Russell,Nice
Melinda Charles,Nice
Melissa Mendez,Nice
Melissa Perera,Nice
Meredith Cheung,Nice
Mia Hartman,Nice
Michael Burgess,Nice
Micheal Ahmad,Nice
Michelle Leach,Nice
Mike Goel,Naughty
Mina Benson,Nice
Mina Teo,Nice
Mindy Winter,Nice
Minty Candycane,Nice
Miranda Samson,Nice
Miriam Fox,Nice
Miriam Graham,Nice
Missy Hewitt,Nice
Missy Ray,Nice
Missy Wilson,Nice
Mohammed Poole,Nice
Mohammed Prince,Nice
Mohd Guy,Nice
Mohit Zimmerman,Naughty
Molly Omar,Nice
Mona Murray,Nice
Monica Bryan,Nice
Monica Roy,Nice
Monique Gillespie,Naughty
Mostafa Bell,Nice
Mostafa Carpenter,Nice
Nadia Buchanan,Naughty
Nana Davidson,Nice
Nancy Tan,Nice
Naomi Abdullah,Nice
Naomi Schultz,Nice
Nate Bowers,Nice
Nathan King,Nice
Nathan Tanner,Nice
Nathaniel Allen,Nice
Nathaniel Matthews,Nice
Neha Shaikh,Nice
Neil Lu,Nice
Nicholas Landry,Nice
Nicholas Thornton,Nice
Nicky Knox,Nice
Nicola Tanner,Nice
Nicolas Juarez,Nice
Nicolas Michael,Nice
Nigel Brennan,Nice
Nikhil Moore,Nice
Nikhil Norman,Nice
Nina Fitzgerald,Naughty
Nitin Ma,Nice
Noah Maher,Nice
Norma Moran,Nice
Nur Anthony,Nice
Nur Ismail,Nice
Oliver Garza,Nice
Oliver Pandey,Nice
Omar Fuentes,Nice
Pam Chan,Naughty
Pat Bradshaw,Nice
Patricia Guy,Naughty
Paul Newton,Nice
Pedro Abbott,Nice
Pepper Minstix,Nice
Phillip Sheikh,Naughty
Pierre Bruce,Nice
Pierre Poole,Nice
Praveen Armstrong,Nice
Prince Brock,Nice
Prince Cannon,Nice
Priya Ray,Nice
Rachael Frazier,Nice
Rachael Reilly,Nice
Rachelle Brewer,Naughty
Rafael Lane,Nice
Raj Figueroa,Nice
Rana Abbott,Naughty
Rana Chang,Nice
Randall Go,Nice
Raul Fraser,Nice
Ray Sharma,Naughty
Regina Ma,Nice
Rex Fischer,Naughty
Rex Larson,Naughty
Ricardo Wyatt,Nice
Rich Rojas,Nice
Richie Maria,Naughty
Rick Mark,Nice
Ricky Aguilar,Nice
Riley Lawrence,Nice
Riley Love,Nice
Roberta Forbes,Nice
Roberta Gomes,Nice
Rod Ballard,Nice
Roger Acosta,Nice
Ron Oneill,Nice
Ross Garrett,Nice
Roxanne Cervantes,Nice
Roy Simmons,Nice
Ruben Woodward,Nice
Ryan Fisher,Nice
Sabrina Lane,Nice
Sam Bhardwaj,Nice
Sami Gutierrez,Nice
Sami Sandoval,Nice
Samuel Reyes,Nice
Sandeep Cameron,Nice
Sandeep Quinn,Nice
Sandeep Santos,Nice
Sandra Osborne,Naughty
Sandy Blake,Nice
Sandy Rodriguez,Nice
Sanjay Campbell,Nice
Sanjay Hammond,Nice
Sara Mark,Naughty
Sasha Chin,Nice
Saurabh Chow,Nice
Scott Islam,Nice
Sean Lin,Nice
Sergio Hancock,Nice
Seth Barr,Nice
Shane Armstrong,Nice
Sharon Greene,Nice
Shaun Low,Nice
Shaun Miller,Naughty
Shawn Arora,Nice
Shawn Peralta,Nice
Sheila Ann,Nice
Shelby Saunders,Nice
Shelley Elizabeth,Nice
Shelley Meyers,Nice
Sheri Ahmed,Nice
Sheri Lewis,Naughty
Sherri Carter,Nice
Sheryl Atkins,Nice
Shinny Upatree,Nice
Silvia Muller,Nice
Simon Greene,Nice
Simon Pope,Nice
Simon Samson,Nice
Sofia Cortez,Nice
Sofia Mark,Nice
Sophia Aguilar,Nice
Sparkle Redberry,Nice
Stacey Beck,Nice
Stacey Kerr,Nice
Stacy Mcmahon,Nice
Stefan Ramos,Nice
Stefanie Chauhan,Nice
Stella Snow,Nice
Stephanie Harrison,Nice
Stephen Parks,Naughty
Steve Boyle,Nice
Steven Greer,Nice
SugerPlum Mary,Nice
Sumit Anand,Nice
Sunil Oliver,Nice
Susan Garcia,Nice
Suzanne Hanna,Nice
Suzanne Hart,Nice
Suzanne Richard,Nice
Sydney Ram,Nice
Syed Dillon,Nice
Sylvia Scott,Nice
Tania Buchanan,Nice
Tarpin McJinglehauser,Nice
Taylor Santos,Nice
Ted Gould,Naughty
Teddy Hobbs,Nice
Teri Tolentino,Nice
Tiffany Long,Nice
Tina Humphrey,Naughty
Tj Cox,Nice
Tj Mccoy,Nice
Todd Anand,Nice
Tom Reilly,Nice
Toni Rodriguez,Nice
Tori Gillespie,Nice
Tori Perkins,Nice
Tori Roman,Nice
Tracey Rowe,Naughty
Trevor Clements,Nice
Trevor Parks,Nice
Trey Harvey,Nice
Ty Ferreira,Nice
Val Garner,Naughty
Vanessa Mcguire,Nice
Vera Harrington,Nice
Vera Palmer,Nice
Vera Thakur,Nice
Vera Tiwari,Nice
Vicki Nielsen,Nice
Vickie Solis,Nice
Victoria Joyce,Nice
Vijay Robbins,Naughty
Vikas Barker,Nice
Vikas Gee,Nice
Wanda Gurung,Nice
Wanda Steele,Nice
Wesley Morton,Naughty
Wunorse Openslae,Nice
Yvonne Willis,Nice
Zac Oconnell,Nice
